638, 150000000, 150000001, 150000002, 150000003, 150000004, 150000005, 150000006, 150000007, 150000008, 150000009, 150000010, 150000011, 150000012, 150000013, 150000014, 150000015, 150000016, 150000017, 150000018, 150000019, 150000020, 150000021, 150000022, 150000023, 150000024, 150000025, 150000026, 150000027, 150000028, 150000029, 150000030, 150000031, 
639, 150000032, 150000033, 150000034, 150000035, 150000036, 150000037, 150000038, 150000039, 150000040, 150000041, 150000042, 150000043, 150000044, 150000045, 150000046, 150000047, 150000048, 150000049, 150000050, 150000051, 150000052, 150000053, 150000054, 150000055, 150000056, 150000057, 150000058, 150000059, 150000060, 150000061, 150000062, 150000063, 
640, 150000064, 150000065, 150000066, 150000067, 150000068, 150000069, 150000070, 150000071, 150000072, 150000073, 150000074, 150000075, 150000076, 150000077, 150000078, 150000079, 150000080, 150000081, 150000082, 150000083, 150000084, 150000085, 150000086, 150000087, 150000088, 150000089, 150000090, 150000091, 150000092, 150000093, 150000094, 150000095, 
641, 150000096, 150000097, 150000098, 150000099, 150000100, 150000101, 150000102, 150000103, 150000104, 150000105, 150000106, 150000107, 150000108, 150000109, 150000110, 150000111, 150000112, 150000113, 150000114, 150000115, 150000116, 150000117, 150000118, 150000119, 150000120, 150000121, 150000122, 150000123, 150000124, 150000125, 150000126, 150000127, 
642, 150000128, 150000129, 150000130, 150000131, 150000132, 150000133, 150000134, 150000135, 150000136, 150000137, 150000138, 150000139, 150000140, 150000141, 150000142, 150000143, 150000144, 150000145, 150000146, 150000147, 150000148, 150000149, 150000150, 150000151, 150000152, 150000153, 150000154, 150000155, 150000156, 150000157, 150000158, 150000159, 
643, 150000160, 150000161, 150000162, 150000163, 150000164, 150000165, 150000166, 150000167, 150000168, 150000169, 150000170, 150000171, 150000172, 150000173, 150000174, 150000175, 150000176, 150000177, 150000178, 150000179, 150000180, 150000181, 150000182, 150000183, 150000184, 150000185, 150000186, 150000187, 150000188, 150000189, 150000190, 150000191, 
644, 150000192, 150000193, 150000194, 150000195, 150000196, 150000197, 150000198, 150000199, 150000200, 150000201, 150000202, 150000203, 150000204, 150000205, 150000206, 150000207, 150000208, 150000209, 150000210, 150000211, 150000212, 150000213, 150000214, 150000215, 150000216, 150000217, 150000218, 150000219, 150000220, 150000221, 150000222, 150000223, 
645, 150000224, 150000225, 150000226, 150000227, 150000228, 150000229, 150000230, 150000231, 150000232, 150000233, 150000234, 150000235, 150000236, 150000237, 150000238, 150000239, 150000240, 150000241, 150000242, 150000243, 150000244, 150000245, 150000246, 150000247, 150000248, 150000249, 150000250, 150000251, 150000252, 150000253, 150000254, 150000255, 
646, 150000256, 150000257, 150000258, 150000259, 150000260, 150000261, 150000262, 150000263, 150000264, 150000265, 150000266, 150000267, 150000268, 150000269, 150000270, 150000271, 150000272, 150000273, 150000274, 150000275, 150000276, 150000277, 150000278, 150000279, 150000280, 150000281, 150000282, 150000283, 150000284, 150000285, 150000286, 150000287, 
647, 150000288, 150000289, 150000290, 150000291, 150000292, 150000293, 150000294, 150000295, 150000296, 150000297, 150000298, 150000299, 150000300, 150000301, 150000302, 150000303, 150000304, 150000305, 150000306, 150000307, 150000308, 150000309, 150000310, 150000311, 150000312, 150000313, 150000314, 150000315, 150000316, 150000317, 150000318, 150000319, 
648, 150000320, 150000321, 150000322, 150000323, 150000324, 150000325, 150000326, 150000327, 150000328, 150000329, 150000330, 150000331, 150000332, 150000333, 150000334, 150000335, 150000336, 150000337, 150000338, 150000339, 150000340, 150000341, 150000342, 150000343, 150000344, 150000345, 150000346, 150000347, 150000348, 150000349, 150000350, 150000351, 
649, 150000352, 150000353, 150000354, 150000355, 150000356, 150000357, 150000358, 150000359, 150000360, 150000361, 150000362, 150000363, 150000364, 150000365, 150000366, 150000367, 150000368, 150000369, 150000370, 150000371, 150000372, 150000373, 150000374, 150000375, 150000376, 150000377, 150000378, 150000379, 150000380, 150000381, 150000382, 150000383, 
650, 150000384, 150000385, 150000386, 150000387, 150000388, 150000389, 150000390, 150000391, 150000392, 150000393, 150000394, 150000395, 150000396, 150000397, 150000398, 150000399, 150000400, 150000401, 150000402, 150000403, 150000404, 150000405, 150000406, 150000407, 150000408, 150000409, 150000410, 150000411, 150000412, 150000413, 150000414, 150000415, 
651, 150000416, 150000417, 150000418, 150000419, 150000420, 150000421, 150000422, 150000423, 150000424, 150000425, 150000426, 150000427, 150000428, 150000429, 150000430, 150000431, 150000432, 150000433, 150000434, 150000435, 150000436, 150000437, 150000438, 150000439, 150000440, 150000441, 150000442, 150000443, 150000444, 150000445, 150000446, 150000447, 
652, 150000448, 150000449, 150000450, 150000451, 150000452, 150000453, 150000454, 150000455, 150000456, 150000457, 150000458, 150000459, 150000460, 150000461, 150000462, 150000463, 150000464, 150000465, 150000466, 150000467, 150000468, 150000469, 150000470, 150000471, 150000472, 150000473, 150000474, 150000475, 150000476, 150000477, 150000478, 150000479, 
653, 150000480, 150000481, 150000482, 150000483, 150000484, 150000485, 150000486, 150000487, 150000488, 150000489, 150000490, 150000491, 150000492, 150000493, 150000494, 150000495, 150000496, 150000497, 150000498, 150000499, 150000500, 150000501, 150000502, 150000503, 150000504, 150000505, 150000506, 150000507, 150000508, 150000509, 150000510, 150000511, 
654, 150000512, 150000513, 150000514, 150000515, 150000516, 150000517, 150000518, 150000519, 150000520, 150000521, 150000522, 150000523, 150000524, 150000525, 150000526, 150000527, 150000528, 150000529, 150000530, 150000531, 150000532, 150000533, 150000534, 150000535, 150000536, 150000537, 150000538, 150000539, 150000540, 150000541, 150000542, 150000543, 
655, 150000544, 150000545, 150000546, 150000547, 150000548, 150000549, 150000550, 150000551, 150000552, 150000553, 150000554, 150000555, 150000556, 150000557, 150000558, 150000559, 150000560, 150000561, 150000562, 150000563, 150000564, 150000565, 150000566, 150000567, 150000568, 150000569, 150000570, 150000571, 150000572, 150000573, 150000574, 150000575, 
656, 150000576, 150000577, 150000578, 150000579, 150000580, 150000581, 150000582, 150000583, 150000584, 150000585, 150000586, 150000587, 150000588, 150000589, 150000590, 150000591, 150000592, 150000593, 150000594, 150000595, 150000596, 150000597, 150000598, 150000599, 150000600, 150000601, 150000602, 150000603, 150000604, 150000605, 150000606, 150000607, 
657, 150000608, 150000609, 150000610, 150000611, 150000612, 150000613, 150000614, 150000615, 150000616, 150000617, 150000618, 150000619, 150000620, 150000621, 150000622, 150000623, 150000624, 150000625, 150000626, 150000627, 150000628, 150000629, 150000630, 150000631, 150000632, 150000633, 150000634, 150000635, 150000636, 150000637, 150000638, 150000639, 
658, 150000640, 150000641, 150000642, 150000643, 150000644, 150000645, 150000646, 150000647, 150000648, 150000649, 150000650, 150000651, 150000652, 150000653, 150000654, 150000655, 150000656, 150000657, 150000658, 150000659, 150000660, 150000661, 150000662, 150000663, 150000664, 150000665, 150000666, 150000667, 150000668, 150000669, 150000670, 150000671, 
659, 150000672, 150000673, 150000674, 150000675, 150000676, 150000677, 150000678, 150000679, 150000680, 150000681, 150000682, 150000683, 150000684, 150000685, 150000686, 150000687, 150000688, 150000689, 150000690, 150000691, 150000692, 150000693, 150000694, 150000695, 150000696, 150000697, 150000698, 150000699, 150000700, 150000701, 150000702, 150000703, 
660, 150000704, 150000705, 150000706, 150000707, 150000708, 150000709, 150000710, 150000711, 150000712, 150000713, 150000714, 150000715, 150000716, 150000717, 150000718, 150000719, 150000720, 150000721, 150000722, 150000723, 150000724, 150000725, 150000726, 150000727, 150000728, 150000729, 150000730, 150000731, 150000732, 150000733, 150000734, 150000735, 
661, 150000736, 150000737, 150000738, 150000739, 150000740, 150000741, 150000742, 150000743, 150000744, 150000745, 150000746, 150000747, 150000748, 150000749, 150000750, 150000751, 150000752, 150000753, 150000754, 150000755, 150000756, 150000757, 150000758, 150000759, 150000760, 150000761, 150000762, 150000763, 150000764, 150000765, 150000766, 150000767, 
662, 150000768, 150000769, 150000770, 150000771, 150000772, 150000773, 150000774, 150000775, 150000776, 150000777, 150000778, 150000779, 150000780, 150000781, 150000782, 150000783, 150000784, 150000785, 150000786, 150000787, 150000788, 150000789, 150000790, 150000791, 150000792, 150000793, 150000794, 150000795, 150000796, 150000797, 150000798, 150000799, 
663, 150000800, 150000801, 150000802, 150000803, 150000804, 150000805, 150000806, 150000807, 150000808, 150000809, 150000810, 150000811, 150000812, 150000813, 150000814, 150000815, 150000816, 150000817, 150000818, 150000819, 150000820, 150000821, 150000822, 150000823, 150000824, 150000825, 150000826, 150000827, 150000828, 150000829, 150000830, 150000831, 
664, 150000832, 150000833, 150000834, 150000835, 150000836, 150000837, 150000838, 150000839, 150000840, 150000841, 150000842, 150000843, 150000844, 150000845, 150000846, 150000847, 150000848, 150000849, 150000850, 150000851, 150000852, 150000853, 150000854, 150000855, 150000856, 150000857, 150000858, 150000859, 150000860, 150000861, 150000862, 150000863, 
665, 150000864, 150000865, 150000866, 150000867, 150000868, 150000869, 150000870, 150000871, 150000872, 150000873, 150000874, 150000875, 150000876, 150000877, 150000878, 150000879, 150000880, 150000881, 150000882, 150000883, 150000884, 150000885, 150000886, 150000887, 150000888, 150000889, 150000890, 150000891, 150000892, 150000893, 150000894, 150000895, 
666, 150000896, 150000897, 150000898, 150000899, 150000900, 150000901, 150000902, 150000903, 150000904, 150000905, 150000906, 150000907, 150000908, 150000909, 150000910, 150000911, 150000912, 150000913, 150000914, 150000915, 150000916, 150000917, 150000918, 150000919, 150000920, 150000921, 150000922, 150000923, 150000924, 150000925, 150000926, 150000927, 
667, 150000928, 150000929, 150000930, 150000931, 150000932, 150000933, 150000934, 150000935, 150000936, 150000937, 150000938, 150000939, 150000940, 150000941, 150000942, 150000943, 150000944, 150000945, 150000946, 150000947, 150000948, 150000949, 150000950, 150000951, 150000952, 150000953, 150000954, 150000955, 150000956, 150000957, 150000958, 150000959, 
668, 150000960, 150000961, 150000962, 150000963, 150000964, 150000965, 150000966, 150000967, 150000968, 150000969, 150000970, 150000971, 150000972, 150000973, 150000974, 150000975, 150000976, 150000977, 150000978, 150000979, 150000980, 150000981, 150000982, 150000983, 150000984, 150000985, 150000986, 150000987, 150000988, 150000989, 150000990, 150000991, 
669, 150000992, 150000993, 150000994, 150000995, 150000996, 150000997, 150000998, 150000999, 150001000, 150001001, 150001002, 150001003, 150001004, 150001005, 150001006, 150001007, 150001008, 150001009, 150001010, 150001011, 150001012, 150001013, 150001014, 150001015, 150001016, 150001017, 150001018, 150001019, 150001020, 150001021, 150001022, 150001023, 
1245, 150001024, 150001025, 150001026, 150001027, 150001028, 150001029, 150001030, 150001031, 150001032, 150001033, 150001034, 150001035, 150001036, 150001037, 150001038, 150001039, 150001040, 150001041, 150001042, 150001043, 150001044, 150001045, 150001046, 150001047, 150001048, 150001049, 150001050, 150001051, 150001052, 150001053, 150001054, 150001055, 
1246, 150001056, 150001057, 150001058, 150001059, 150001060, 150001061, 150001062, 150001063, 150001064, 150001065, 150001066, 150001067, 150001068, 150001069, 150001070, 150001071, 150001072, 150001073, 150001074, 150001075, 150001076, 150001077, 150001078, 150001079, 150001080, 150001081, 150001082, 150001083, 150001084, 150001085, 150001086, 150001087, 
1247, 150001088, 150001089, 150001090, 150001091, 150001092, 150001093, 150001094, 150001095, 150001096, 150001097, 150001098, 150001099, 150001100, 150001101, 150001102, 150001103, 150001104, 150001105, 150001106, 150001107, 150001108, 150001109, 150001110, 150001111, 150001112, 150001113, 150001114, 150001115, 150001116, 150001117, 150001118, 150001119, 
1248, 150001120, 150001121, 150001122, 150001123, 150001124, 150001125, 150001126, 150001127, 150001128, 150001129, 150001130, 150001131, 150001132, 150001133, 150001134, 150001135, 150001136, 150001137, 150001138, 150001139, 150001140, 150001141, 150001142, 150001143, 150001144, 150001145, 150001146, 150001147, 150001148, 150001149, 150001150, 150001151, 
1249, 150001152, 150001153, 150001154, 150001155, 150001156, 150001157, 150001158, 150001159, 150001160, 150001161, 150001162, 150001163, 150001164, 150001165, 150001166, 150001167, 150001168, 150001169, 150001170, 150001171, 150001172, 150001173, 150001174, 150001175, 150001176, 150001177, 150001178, 150001179, 150001180, 150001181, 150001182, 150001183, 
1250, 150001184, 150001185, 150001186, 150001187, 150001188, 150001189, 150001190, 150001191, 150001192, 150001193, 150001194, 150001195, 150001196, 150001197, 150001198, 150001199, 150001200, 150001201, 150001202, 150001203, 150001204, 150001205, 150001206, 150001207, 150001208, 150001209, 150001210, 150001211, 150001212, 150001213, 150001214, 150001215, 
1251, 150001216, 150001217, 150001218, 150001219, 150001220, 150001221, 150001222, 150001223, 150001224, 150001225, 150001226, 150001227, 150001228, 150001229, 150001230, 150001231, 150001232, 150001233, 150001234, 150001235, 150001236, 150001237, 150001238, 150001239, 150001240, 150001241, 150001242, 150001243, 150001244, 150001245, 150001246, 150001247, 
1252, 150001248, 150001249, 150001250, 150001251, 150001252, 150001253, 150001254, 150001255, 150001256, 150001257, 150001258, 150001259, 150001260, 150001261, 150001262, 150001263, 150001264, 150001265, 150001266, 150001267, 150001268, 150001269, 150001270, 150001271, 150001272, 150001273, 150001274, 150001275, 150001276, 150001277, 150001278, 150001279, 
1253, 150001280, 150001281, 150001282, 150001283, 150001284, 150001285, 150001286, 150001287, 150001288, 150001289, 150001290, 150001291, 150001292, 150001293, 150001294, 150001295, 150001296, 150001297, 150001298, 150001299, 150001300, 150001301, 150001302, 150001303, 150001304, 150001305, 150001306, 150001307, 150001308, 150001309, 150001310, 150001311, 
1254, 150001312, 150001313, 150001314, 150001315, 150001316, 150001317, 150001318, 150001319, 150001320, 150001321, 150001322, 150001323, 150001324, 150001325, 150001326, 150001327, 150001328, 150001329, 150001330, 150001331, 150001332, 150001333, 150001334, 150001335, 150001336, 150001337, 150001338, 150001339, 150001340, 150001341, 150001342, 150001343, 
1255, 150001344, 150001345, 150001346, 150001347, 150001348, 150001349, 150001350, 150001351, 150001352, 150001353, 150001354, 150001355, 150001356, 150001357, 150001358, 150001359, 150001360, 150001361, 150001362, 150001363, 150001364, 150001365, 150001366, 150001367, 150001368, 150001369, 150001370, 150001371, 150001372, 150001373, 150001374, 150001375, 
1256, 150001376, 150001377, 150001378, 150001379, 150001380, 150001381, 150001382, 150001383, 150001384, 150001385, 150001386, 150001387, 150001388, 150001389, 150001390, 150001391, 150001392, 150001393, 150001394, 150001395, 150001396, 150001397, 150001398, 150001399, 150001400, 150001401, 150001402, 150001403, 150001404, 150001405, 150001406, 150001407, 
1257, 150001408, 150001409, 150001410, 150001411, 150001412, 150001413, 150001414, 150001415, 150001416, 150001417, 150001418, 150001419, 150001420, 150001421, 150001422, 150001423, 150001424, 150001425, 150001426, 150001427, 150001428, 150001429, 150001430, 150001431, 150001432, 150001433, 150001434, 150001435, 150001436, 150001437, 150001438, 150001439, 
1258, 150001440, 150001441, 150001442, 150001443, 150001444, 150001445, 150001446, 150001447, 150001448, 150001449, 150001450, 150001451, 150001452, 150001453, 150001454, 150001455, 150001456, 150001457, 150001458, 150001459, 150001460, 150001461, 150001462, 150001463, 150001464, 150001465, 150001466, 150001467, 150001468, 150001469, 150001470, 150001471, 
1259, 150001472, 150001473, 150001474, 150001475, 150001476, 150001477, 150001478, 150001479, 150001480, 150001481, 150001482, 150001483, 150001484, 150001485, 150001486, 150001487, 150001488, 150001489, 150001490, 150001491, 150001492, 150001493, 150001494, 150001495, 150001496, 150001497, 150001498, 150001499, 150001500, 150001501, 150001502, 150001503, 
1260, 150001504, 150001505, 150001506, 150001507, 150001508, 150001509, 150001510, 150001511, 150001512, 150001513, 150001514, 150001515, 150001516, 150001517, 150001518, 150001519, 150001520, 150001521, 150001522, 150001523, 150001524, 150001525, 150001526, 150001527, 150001528, 150001529, 150001530, 150001531, 150001532, 150001533, 150001534, 150001535, 
1261, 150001536, 150001537, 150001538, 150001539, 150001540, 150001541, 150001542, 150001543, 150001544, 150001545, 150001546, 150001547, 150001548, 150001549, 150001550, 150001551, 150001552, 150001553, 150001554, 150001555, 150001556, 150001557, 150001558, 150001559, 150001560, 150001561, 150001562, 150001563, 150001564, 150001565, 150001566, 150001567, 
1262, 150001568, 150001569, 150001570, 150001571, 150001572, 150001573, 150001574, 150001575, 150001576, 150001577, 150001578, 150001579, 150001580, 150001581, 150001582, 150001583, 150001584, 150001585, 150001586, 150001587, 150001588, 150001589, 150001590, 150001591, 150001592, 150001593, 150001594, 150001595, 150001596, 150001597, 150001598, 150001599, 
1263, 150001600, 150001601, 150001602, 150001603, 150001604, 150001605, 150001606, 150001607, 150001608, 150001609, 150001610, 150001611, 150001612, 150001613, 150001614, 150001615, 150001616, 150001617, 150001618, 150001619, 150001620, 150001621, 150001622, 150001623, 150001624, 150001625, 150001626, 150001627, 150001628, 150001629, 150001630, 150001631, 
1264, 150001632, 150001633, 150001634, 150001635, 150001636, 150001637, 150001638, 150001639, 150001640, 150001641, 150001642, 150001643, 150001644, 150001645, 150001646, 150001647, 150001648, 150001649, 150001650, 150001651, 150001652, 150001653, 150001654, 150001655, 150001656, 150001657, 150001658, 150001659, 150001660, 150001661, 150001662, 150001663, 
1265, 150001664, 150001665, 150001666, 150001667, 150001668, 150001669, 150001670, 150001671, 150001672, 150001673, 150001674, 150001675, 150001676, 150001677, 150001678, 150001679, 150001680, 150001681, 150001682, 150001683, 150001684, 150001685, 150001686, 150001687, 150001688, 150001689, 150001690, 150001691, 150001692, 150001693, 150001694, 150001695, 
1266, 150001696, 150001697, 150001698, 150001699, 150001700, 150001701, 150001702, 150001703, 150001704, 150001705, 150001706, 150001707, 150001708, 150001709, 150001710, 150001711, 150001712, 150001713, 150001714, 150001715, 150001716, 150001717, 150001718, 150001719, 150001720, 150001721, 150001722, 150001723, 150001724, 150001725, 150001726, 150001727, 
1267, 150001728, 150001729, 150001730, 150001731, 150001732, 150001733, 150001734, 150001735, 150001736, 150001737, 150001738, 150001739, 150001740, 150001741, 150001742, 150001743, 150001744, 150001745, 150001746, 150001747, 150001748, 150001749, 150001750, 150001751, 150001752, 150001753, 150001754, 150001755, 150001756, 150001757, 150001758, 150001759, 
1268, 150001760, 150001761, 150001762, 150001763, 150001764, 150001765, 150001766, 150001767, 150001768, 150001769, 150001770, 150001771, 150001772, 150001773, 150001774, 150001775, 150001776, 150001777, 150001778, 150001779, 150001780, 150001781, 150001782, 150001783, 150001784, 150001785, 150001786, 150001787, 150001788, 150001789, 150001790, 150001791, 
1269, 150001792, 150001793, 150001794, 150001795, 150001796, 150001797, 150001798, 150001799, 150001800, 150001801, 150001802, 150001803, 150001804, 150001805, 150001806, 150001807, 150001808, 150001809, 150001810, 150001811, 150001812, 150001813, 150001814, 150001815, 150001816, 150001817, 150001818, 150001819, 150001820, 150001821, 150001822, 150001823, 
1270, 150001824, 150001825, 150001826, 150001827, 150001828, 150001829, 150001830, 150001831, 150001832, 150001833, 150001834, 150001835, 150001836, 150001837, 150001838, 150001839, 150001840, 150001841, 150001842, 150001843, 150001844, 150001845, 150001846, 150001847, 150001848, 150001849, 150001850, 150001851, 150001852, 150001853, 150001854, 150001855, 
1271, 150001856, 150001857, 150001858, 150001859, 150001860, 150001861, 150001862, 150001863, 150001864, 150001865, 150001866, 150001867, 150001868, 150001869, 150001870, 150001871, 150001872, 150001873, 150001874, 150001875, 150001876, 150001877, 150001878, 150001879, 150001880, 150001881, 150001882, 150001883, 150001884, 150001885, 150001886, 150001887, 
1272, 150001888, 150001889, 150001890, 150001891, 150001892, 150001893, 150001894, 150001895, 150001896, 150001897, 150001898, 150001899, 150001900, 150001901, 150001902, 150001903, 150001904, 150001905, 150001906, 150001907, 150001908, 150001909, 150001910, 150001911, 150001912, 150001913, 150001914, 150001915, 150001916, 150001917, 150001918, 150001919, 
1273, 150001920, 150001921, 150001922, 150001923, 150001924, 150001925, 150001926, 150001927, 150001928, 150001929, 150001930, 150001931, 150001932, 150001933, 150001934, 150001935, 150001936, 150001937, 150001938, 150001939, 150001940, 150001941, 150001942, 150001943, 150001944, 150001945, 150001946, 150001947, 150001948, 150001949, 150001950, 150001951, 
1274, 150001952, 150001953, 150001954, 150001955, 150001956, 150001957, 150001958, 150001959, 150001960, 150001961, 150001962, 150001963, 150001964, 150001965, 150001966, 150001967, 150001968, 150001969, 150001970, 150001971, 150001972, 150001973, 150001974, 150001975, 150001976, 150001977, 150001978, 150001979, 150001980, 150001981, 150001982, 150001983, 
1275, 150001984, 150001985, 150001986, 150001987, 150001988, 150001989, 150001990, 150001991, 150001992, 150001993, 150001994, 150001995, 150001996, 150001997, 150001998, 150001999, 150002000, 150002001, 150002002, 150002003, 150002004, 150002005, 150002006, 150002007, 150002008, 150002009, 150002010, 150002011, 150002012, 150002013, 150002014, 150002015, 
1276, 150002016, 150002017, 150002018, 150002019, 150002020, 150002021, 150002022, 150002023, 150002024, 150002025, 150002026, 150002027, 150002028, 150002029, 150002030, 150002031, 150002032, 150002033, 150002034, 150002035, 150002036, 150002037, 150002038, 150002039, 150002040, 150002041, 150002042, 150002043, 150002044, 150002045, 150002046, 150002047, 
